1	bon（好）＋ jour（日）：见面祝对方有个好日子。
2	merci 谢谢，remercier 感谢；同一个 merci 藏在动词里面。
3	bon（好）＋ soir（晚上），对应 bonjour。
4	revoir 是“再见到”：告别时约定再相见。
5	字面是“如果这让您满意”，整块记成礼貌的 please。
6	E:pardon
7	把 oui / non 配成一对：是 / 否。
8	E:no / non-
9	bientôt 是“不久”：不久后再见。
10	bien（好）＋ venue（到来）：欢迎到来。
11	E:accord（意见一致）
12	nuit 是夜晚；临睡说 bonne nuit，见面说 bonsoir。
13	E:person
14	E:family
15	mère / père 配对记：母亲 / 父亲。
16	把 père 和英语 paternal（父亲的）联想在一起。
17	sœur / frère 配对记：姐妹 / 兄弟。
18	联想英语 fraternity（兄弟会），记住“兄弟”。
19	E:infant（婴儿）；enfant 的范围更广，指孩子
20	联想英语 amiable（友善的）：对朋友很友善。
21	ami 加 e → amie；书写上区分女性朋友。
22	voisin（邻居）→ voisinage（邻里）：先认住同一个 voisin。
23	联想英语 feminine（女性的）；ma femme 也可指我妻子。
24	un homme / une femme 成对记：男人 / 女人。
25	联想英语 mansion（大宅）；maison 是普通的房子。
26	E:chamber（房间）
27	联想英语 portal（入口）：穿过门进入房间。
28	联想英语 defenestration（掷出窗外）：中间的 fenestr- 帮你记窗户。
29	E:table
30	E:chair；法语是 chaise，别把结尾写成 r
31	lit 床、lire 读：想象躺在床上阅读，区分结尾 t 和 re。
32	clé 像英语 key 一样，既能开门，也能指解决问题的关键。
33	联想英语 library（图书馆）：里面装满 livres。
34	E:telephone
35	E:lamp
36	ordinateur 是电脑；别被英语 ordinary 的外形带跑。
37	eau 这三个字母常发一个 /o/ 音；看见水杯就念 eau。
38	长得像英语 pain，但它是面包；想象买面包并不痛。
39	E:café / coffee
40	E:tea
41	lait 牛奶 → laitier 奶制品的；还可联想英语 latte 中的奶。
42	pomme 苹果；pommier 苹果树：把果实和树的名字一起记。
43	fromage 里把 fro- 暂时调回 for-，就容易联想到 forme（形状、模具）。
44	œuf 单数、œufs 复数，拼写只加 s，读音却变化较大；把一颗蛋和一篮蛋对照记。
45	E:rice；法语写 riz
46	poisson 两个 s 是鱼；poison 一个 s 是毒药。
47	poule 是母鸡，poulet 常指鸡或鸡肉。
48	E:soup
49	联想英语城市名里的 -ville，如 Nashville。
50	rue 街道 → ruelle 小巷；短短的 rue 延伸成一条小路。
51	magasin 是商店；英语 magazine 是杂志，别混。
52	联想英语 school；école 是你去上课的地方。
53	gare 管火车，aéroport 管飞机；别被英语 garage（车库）带跑。
54	E:restaurant
55	E:hotel
56	E:pharmacy
57	E:park
58	E:museum
59	boulanger（面包师）工作的地方是 boulangerie。
60	E:bank
61	把 aujourd'hui、demain、hier 排成今天、明天、昨天。
62	demain（明天）前加 après（之后）就是 après-demain（后天）。
63	hier（昨天）前加 avant（之前）就是 avant-hier（前天）。
64	maintenant（现在）对照 passé（过去）、futur（未来）：钉住时间轴中央。
65	jour 是日；把 toujours 联想成“天天如此”。
66	和 toujours 对照：总是 / 从不；常用 ne…jamais。
67	联想英语 journal：按天记录的日记。
68	semaine 一周，hebdomadaire 每周的：把日历上一整行七格作为联想。
69	mois（月）别和 moi（我）混；日历上找一个月。
70	E:annual（每年的）
71	联想英语 matinée（日场演出），帮助抓住白天的感觉。
72	soir / matin 配对记：晚上 / 早晨。
73	先绑定常见形式 je suis、tu es：都是 être 的变化。
74	avoir 是有，常见变位 ai/as/a；像英语 have 的不同形式，别只认原形。
75	aller 的常用形式是 je vais；把“去”当作一个词族记。
76	venir 来，aller 去：用朝向自己/离开自己的箭头记。
77	faire 像英语 do/make；fait 是做成的事，fais 是常见变位。
78	dire 说 → redire 再说 → contredire 反驳：用 dire 串起三个动作。
79	联想英语 parley（会谈）；parler 是说话。
80	écouter 是主动听，entendre 是听到了。
81	联想英语 regard（注视）；regarder 是主动看。
82	lire（读）和 livre（书）只差一个 v。
83	écrire 写、écrit 写下的、écrivain 作家：共同抓住 écri-。
84	联想英语 manger（食槽）：动物在那里吃。
85	boire 喝 → boisson 饮料；都从 boi- 开头记。
86	联想英语 dormitory（宿舍）：睡觉的地方。
87	联想英语 travail（辛劳）；travailler 是工作。
88	apprendre 学习，comprendre 理解：一起记两个 -prendre。
89	E:comprehend
90	acheter 买，vendre 卖：购物时一进一出。
91	chercher 是在找，trouver 才是找到了。
92	trouver 找到 → retrouver 的 re- 表示再；先找到，再找回。
93	ouvrir / fermer：开 / 关，想象门的两个动作。
94	fermer 关、fermeture 闭合、fermé 关着的：都抓住 ferm-。
95	ami 是朋友，aimer 是喜欢：放在一组记。
96	attendre 是 wait，不是英语 attend（出席）。
97	E:grand；法语也可形容个子高
98	E:petite（娇小的）
99	chaud 热、chaleur 热量、chauffer 加热；同一组 cha- 和温度上升一起记。
100	联想英语 frigid（寒冷的）；froid 是冷。
101	E:new；也可想到英语里的 nouveau riche
102	vieux / nouveau：旧的 / 新的。
103	E:facile（轻易的）
104	E:difficult
105	E:rapid
106	联想音乐速度术语 lento：缓慢。
107	heureux 高兴、malheureux 不幸；mal- 一加，情绪翻面。
108	E:fatigue（疲劳）
109	E:train
110	联想英语 aviation（航空）：avion 是飞机。
111	E:bus
112	voiture 汽车 → covoiturage 拼车：co- 表示共同，大家共用车。
113	vélo 自行车，vélocipède 是更长的相关名称；短词像轻便的两轮车。
114	billet 可指票，也可指钞票：都是一小张有凭证作用的纸。
115	E:passport
116	E:valise（旅行箱）
117	E:voyage
118	E:address
119	联想英语 card；carte 也可以是地图或菜单。
120	E:airport；aéro- 提示航空
121	réussir 成功 → réussite 成就；同一组 réuss-，一个动作一个结果。
122	和 réussir 成对记：一个成功，一个失败。
123	E:ameliorate（改善）
124	E:develop
125	éviter 避开、inévitable 不可避免：in- 否定把退路堵住。
126	E:permit
127	permettre 放行，empêcher 拦住：想象绿灯和红灯。
128	E:propose
129	E:accept
130	E:refuse
131	E:decide
132	choisir 是动词，choix 是“选择”这个名词。
133	E:reflect；像镜子反射一样反复思考
134	E:resolve
135	E:explain
136	E:precise；把话说得更 precise 就是 préciser
137	E:remark；先注意到，才作评论
138	constater 察觉并确认，constat 是确认后形成的记录。
139	联想英语 resemble（相像），再记 sembler 是“似乎”。
140	venir 是来；把 devenir 联想为“来到一种新状态”。
141	rester 是留下，别直接等同英语 rest（休息）。
142	联想英语 depart（离开），记 partir。
143	re-（再）＋ venir（来）：回来。
144	联想英语 return；retourner 还可指把东西翻面。
145	E:rejoin
146	E:quit
147	E:attain
148	E:obtain
149	E:receive
150	envoyer 发送、envoi 寄送；renvoyer 加 re- 就是寄回。
151	porter 是携带；apporter 朝这里带来。
152	与 apporter 对照：emporter 从这里带走。
153	ramener 带回、amener 带来；多出来的 r 提醒返回。
154	E:render；另外记 rendre un livre 是还书
155	emprunter 借进来，prêter 借出去。
156	prêter 借出、emprunter 借入：把自己放在箭头起点或终点。
157	louer 租用，loyer 房租，location 租赁：别把 location 当地点。
158	E:reserve
159	E:annul
160	E:replace
161	E:repair
162	E:construct
163	和 construire 成对记：建造 / 摧毁。
164	E:protect
165	part 是一份；partager 是分成份一起分享。
166	联想英语 sustain（支撑、维持）。
167	E:encourage
168	E:convince
169	E:negotiate
170	E:verify
171	E:compare
172	ajouter 添加 → ajout 添加的部分；像给清单再添一个加号。
173	tirer 拉 → retirer 取出、拉走；想象把物品从抽屉拉出来。
174	E:reduce
175	E:augment
176	E:diminish
177	E:economize
178	联想英语 expense（开销）；dépenser 是花钱。
179	E:gain；gagner 也可指赢比赛
180	gagner / perdre：赢 / 输，赚到 / 失去。
181	manquer 缺少 → manque 缺口；错过火车也像行程缺了一环。
182	E:merit
183	pré-（预先）＋ voir（看）：预先看到。
184	E:organize
185	E:participate
186	E:profit；profiter de 是利用、享受
187	E:depend
188	appartenir 属于 → appartenance 归属；把长词拆成共同的 apparten-。
189	E:recognize
190	oublier 忘记 → oubli 遗忘；对照 souvenir 回忆。
191	rappeler / appeler：再打电话 / 打电话。
192	英语 souvenir 是纪念品；纪念品让你 se souvenir。
193	inquiet 是担忧的；s'inquiéter 就是担心起来。
194	E:occupy；s'occuper de 是忙着照料某事
195	记 se rendre à Paris 是前往巴黎；无地点时也可指投降。
196	想象线团打结，你自己一点点理顺：设法应付。
197	联想英语 complain；名词 plainte 是投诉。
198	E:renounce
199	sur（在上）＋ monter（爬）：爬过困难。
200	visage 是脸；联想把一个方案摆到眼前考虑。
201	avis 意见，aviser 通知；不是英语 advice 的逐字等价词。
202	E:opinion
203	E:reason
204	E:consequence
205	E:objective
206	jeu 是游戏；en jeu 是“处于输赢之中”：利害所在。
207	联想英语 defy（挑战）；défi 是挑战本身。
208	E:occasion；法语常指机会
209	E:choice
210	E:decision
211	E:solution
212	E:doubt
213	E:proof
214	E:error
215	E:effort
216	E:progress
217	E:result
218	réussir（成功）→ réussite（成功这件事）。
219	échec / réussite：失败 / 成功；下棋将军也说 échec。
220	E:experience；法语还可指科学实验
221	E:competence
222	E:formation；法语求职场景里常指培训
223	entretenir 维护、交谈 → entretien；照料机器与维持对话都能联想。
224	E:reunion；法语也指工作会议
225	E:contract
226	E:salary
227	E:budget
228	facture 是付款账单，fracture 是骨折；多一个 r 可别付成骨折。
229	dépenser（花钱）→ dépense（支出）。
230	épargner 储蓄 → épargne 积蓄；和 dépenser 花费配成进出账。
231	E:reimbursement
232	E:insurance / assurance；保单和信心都可用它
233	marche 有步行之意；把 démarche 想成办事走的步骤。
234	renseigner 提供信息 → renseignement 信息；长词先抓 renseign-。
235	英语也借用了 rendezvous：约好见面的时间。
236	像英语 delay，但 délai 常是“期限”，并非已经迟到。
237	tard 晚 → retard 延误；retarder 是让进度落后。
238	E:advance
239	E:habit
240	se comporter 表现、举止 → comportement 行为方式。
241	E:relation
242	E:confidence
243	E:respect
244	E:patience
245	E:courage
246	craindre 是害怕；crainte 是担忧本身。
247	colère 愤怒，colérique 易怒的；共同的 colér- 配一张涨红的脸。
248	E:joy
249	honte 羞耻 → honteux 羞愧的；用低头脸红的表情作联想。
250	长得像 deception，但 déception 是失望，不是欺骗。
251	soulager 缓解 → soulagement 宽慰；想象肩上的重量终于被卸下。
252	E:souvenir；纪念品也承载回忆
253	besoin 必需、envie 想要：前者像缺水，后者像想喝果汁。
254	像英语 envy，但 envie 常指“想要”，如 envie de dormir。
255	souhaiter 是祝愿；un souhait 是一个愿望。
256	E:counsel（建议）
257	soutenir 是支持；soutien 是支持这件事。
258	E:accord
259	dés- 表示相反；accord 一致 → désaccord 分歧。
260	mal（不好）＋ entendu（听到）：听岔了，误会。
261	loger 是住宿；logement 是住处。
262	louer 租房时，付的房租就是 loyer。
263	E:quarter（城区）
264	voisin 是邻居，voisinage 是周围邻里。
265	trajet 是走过的路线，trajectoire 是轨迹：共同抓住 traj-。
266	bouteille 是瓶子；把堵车想成车流卡在瓶颈。
267	panne 是故障；dépanner 是排除故障，像把卡住的东西松开。
268	grève 是停工，gréviste 是罢工者；-iste 可以帮你记“参与的人”。
269	E:frontier
270	pays 是国家；paysage 是展现在眼前的风景。
271	E:environment
272	E:resource
273	déchet 废物、déchéance 衰落：只作词形联想，把 déch- 和被丢下的部分绑定。
274	gaspiller 是浪费；gaspillage 是浪费的行为。
275	E:risk
276	E:advantage
277	E:inconvenience
278	E:limit
279	E:equilibrium
280	E:responsibility
281	disponible 可用，indisponible 不可用：in- 把空闲变成忙碌。
282	E:necessary
283	E:sufficient
284	E:efficacy（效力）；efficace 强调有效
285	E:precise
286	flou 模糊，fluide 流动：只是字形联想，别把糊成一团和流动混为一义。
287	se fier à 是信赖；fiable 是值得信赖的。
288	E:durable
289	E:fragile
290	E:solid
291	E:supple
292	E:rigid
293	E:utility（用途）；utile 是有用的
294	in- 否定＋ utile：没有用的。
295	E:urgent
296	E:grave（严重的）；别只想到英语的坟墓义
297	léger / lourd：轻 / 重，想象两只不同重量的箱子。
298	lourd 重、lourdeur 沉重感；和 léger 轻放在天平两端。
299	E:profound
300	E:superficial
301	E:evident
302	in- 否定＋ certain：不确定。
303	E:probable
304	E:impossible
305	联想英语 resemble（相似）；semblable 是相似的。
306	E:different
307	E:common
308	E:rare
309	E:recent
310	E:ancient；法语也可指以前的，如 ancien collègue
311	不是英语 actual（实际的）；actuel 是 current（当前的）。
312	E:habitual
313	E:strange
314	E:curious
315	inquiet / tranquille：不安 / 平静。
316	déception 是失望；déçu 是失望的状态。
317	fier 自豪 → fierté 自豪感；抬头挺胸地记这组 fier-。
318	gêner 是使不自在；gêné 是感到不自在。
319	remercier 表示感谢；reconnaissant 表示心怀感激。
320	exiger 是要求；exigeant 是要求高的。
321	pourtant 和 cependant 都引出转折；把语气箭头折回来记“然而”。
322	把 cependant 放在转折处，像英语 however。
323	moins 是少；联想“即便如此，力度也不少”：仍然。
324	donc 因此，把它想成逻辑箭头 ⇒，前面是原因，后面是结论。
325	ainsi 可指这样，也可指因此：指向一种做法，或指向它的结果。
326	d'ailleurs 常用来补上一条理由，像英语 besides。
327	ici 这里，ailleurs 别处：把视线从这里移开。
328	autre（别的）＋ fois（次、时候）：从前的时光。
329	désormais 是从此以后；把此刻画成分界线，箭头只朝未来。
330	avant 有“前”的意思；联想往前看：今后。
331	avant 是之前；auparavant 指在那之前。
332	E:recently；récent 加副词词尾
333	E:frequently
334	rare（少见）＋ -ment：很少发生。
335	davantage 更多，avantage 优势：外形接近，但前者比较数量或程度。
336	environ 大约、environnement 周围环境：用“围着一个范围”作联想。
337	presque 几乎，prêt 准备好：都以 pr- 开头，但几乎完成不等于已经准备好。
338	plutôt（宁可）连写；plus tôt（更早）分开写。
339	sur（上）＋ tout（全部）：摆在其他一切之上。
340	malgré 后接名词，像英语 despite：malgré la pluie。
341	别按 beau（美）直译；整块记“再怎么……也……”。
342	compte 是账；联想把账算明白，终于意识到。
343	compte 是账；把一个因素“算进去”：考虑到。
344	lieu 是地点；和英语 take place 对照记“发生”。
345	place 是位置；把东西安放到位：设置、建立。
346	jour 是日；联想使资料跟上今日：更新。
347	E:take charge；prendre en charge 是接手负责
348	E:face；faire face à 是面对
349	mal 表示不适或困难；avoir du mal à 是做起来费劲。
350	peine 是辛苦；值得这份辛苦，就是值得做。
351	E:on condition；条件是后面的动作
352	lieu 是位置；占另一个位置 → 而不是、代替。
353	fin 是目的或终点；afin de 引出目的。
354	grâce 联想感谢；多亏了有利的因素。
355	E:cause；引出原因，常用于不利结果
356	把天平另一边想成 en revanche：另一方面。
357	用来支持前文：确实如此，因为……
358	用来修正想法：其实，真实情况是……
359	像进度条边走边增长：随着进展，逐步地。
360	temps 到另一个 temps：隔一阵出现一次。
361	croire 相信是真的，savoir 是确实知道。
362	联想英语 pensive（沉思的），记 penser。
363	用 savoir-faire（做事的本领）记“知道怎么做”。
364	connaître 认识某人，savoir 知道一个事实。
365	E:imagine
366	E:suppose
367	E:estimate
368	E:consider
369	E:judge
370	E:analyze
371	E:observe
372	E:interpret
373	E:deduce
374	E:conclude
375	E:demonstrate
376	E:prove
377	E:justify
378	E:affirm
379	E:deny；都包含否认的意思
380	E:admit
381	E:avow（公开承认）
382	像 pretend，但 prétendre 常指声称，并不一定是假装。
383	E:announce
384	E:declare
385	sous（下面）＋ ligne（线）的联想：画下划线强调。
386	E:insist
387	E:suggest
388	E:criticize
389	E:approve
390	contre（反对）＋ dire（说）：说相反的话。
391	E:mention
392	英语 résumé 是简历；把经历概括起来就是 résumer。
393	E:describe
394	E:recount（讲述）
395	traduire（翻译）→ traduction（译文、翻译）。
396	E:define
397	E:distinguish
398	E:identify
399	E:interrogate
400	E:respond
401	E:commence
402	E:continue
403	E:terminate
404	E:arrest；法语也常指停止一个动作
405	re-（再）＋ prendre（拿）：拿回、重新开始。
406	E:pursue
407	E:launch；想象发射或发起一个项目
408	E:create
409	E:produce
410	E:fabricate；法语常是实际制造物品
411	E:transform
412	E:adapt
413	E:modify
414	E:correct
415	E:install
416	联想英语 suppress（压制）；界面按钮 supprimer 是删除。
417	place 是位置；déplacer 就是换个位置。
418	E:transport
419	livrer 交付 → livraison 配送；和 livre 书同形部分可联想送书上门。
420	E:distribute
421	联想英语 arrange：把东西排整齐、归位。
422	net 干净清楚、nettoyer 清洁、nettoyage 清扫：一起抓住 net-。
423	plein 是满；把 remplir 和“填到满”一起记。
424	vide 是空；vider 是把它弄空。
425	E:cover
426	想象把 cover 揭开：découvrir 是发现、揭开。
427	tenir 握住，retenir 留住，maintenir 维持；把 ten-/tenir 这组词形连起来。
428	E:pose；摆放物品，也可提出问题
429	联想英语 lever（杠杆）：用杠杆把东西抬起来。
430	bas 是低；baisser 是让它变低。
431	门上 TIREZ 是拉，POUSSEZ 是推。
432	pousser 推，tirer 拉：想象两只手一个向外，一个向里。
433	联想英语 cut 的动作：用剪刀 couper。
434	colle 是胶水；coller 就是用胶粘。
435	E:measure
436	poids 是重量；peser 是上秤称重。
437	E:count
438	E:calculate
439	part 是一份；répartir 是分配到各份。
440	E:assemble；把分散的人或物聚起来
441	sentir 是感觉；ressentir 强调内在感受到。
442	épreuve 考验、éprouver 经历或感受；把经历考验后的感受作为联想。
443	E:suffer
444	E:regret
445	espérer 希望 → espoir 希望；两个词的 esp- 一起记。
446	souhait 愿望 → souhaiter 祝愿；用一支生日蜡烛联想这个词族。
447	E:desire
448	E:prefer
449	E:detest
450	E:admire
451	E:appreciate
452	E:respect
453	E:tolerate
454	E:pardon
455	merci 是谢谢；remercier 是感谢这个动作。
456	联想英语 felicitation（祝贺）。
457	E:salute
458	accueil 接待 → accueillir 迎接；注意两个 c 和两个 l。
459	E:accompany
460	E:encounter
461	E:invite
462	E:present（介绍、呈现）
463	E:discuss
464	E:exchange
465	E:collaborate
466	E:aid
467	conseil 是建议；conseiller 是给建议。
468	E:reassure
469	E:console（安慰）；别只想到游戏机
470	E:surprise
471	déçu（失望的）来自 décevoir（使失望）。
472	像英语 bless，但 blesser 是弄伤，意思别记反。
473	E:menace
474	E:dispute
475	E:reconcile
476	se fier 信任，se méfier 提防：mé- 将放心变成警惕。
477	tendre 有绷紧之意；se détendre 是让自己松下来。
478	联想英语 repose（休息）；se reposer 是让自己休息。
479	ennui 是无聊；s'ennuyer 是感到无聊。
480	想象花朵舒展开，也联想人充分成长。
481	E:idea
482	penser 是想；pensée 是脑中的一个想法。
483	E:reflection
484	E:reasoning
485	E:argument；这里常是论据，不一定是争吵
486	E:hypothesis
487	E:theory
488	E:concept
489	E:notion
490	E:principle
491	E:logic
492	E:analysis
493	E:synthesis
494	E:conclusion
495	E:explanation
496	E:definition
497	E:example
498	E:comparison
499	E:difference
500	E:resemblance
501	E:contradiction
502	E:nuance
503	E:detail
504	E:context
505	E:point of view；vue 是所看见的景象
506	E:perspective
507	E:approach
508	E:method
509	E:criterion
510	E:condition
511	E:exception
512	一把尺子规定直线；règle 同时指尺子和规则。
513	fait 和 faire（做）连记：做了的事成为事实。
514	E:cause
515	E:effect
516	E:influence
517	E:tendency
518	E:certainty
519	E:conviction
520	pré-（预先）＋ juger（判断）：没了解就先下判断。
521	E:enterprise
522	E:society；法语也常指公司
523	équipe 队伍、coéquipier 队友；co- 帮你记“在同一队”。
524	E:colleague
525	E:employee
526	E:employer
527	E:post（职位）
528	E:employment
529	métier 职业与手艺兼有；英语也借用 métier 表示擅长的领域。
530	E:profession
531	E:career
532	E:candidacy；求职时就是申请资格
533	缩写 CV，英语求职中也使用这组词。
534	motivation 是动机；说明求职动机的一封 lettre。
535	E:recruitment
536	不是英语 stage（舞台）；法语求职语境中是实习。
537	E:diploma
538	E:qualification
539	tâche 任务，tache 污渍：给任务戴个小帽子 â，别和污渍混。
540	E:mission
541	E:project
542	étape 阶段，把它想成楼梯上的一个台阶；不是整个旅程。
543	英语 planning 是规划；法语 un planning 常是一张日程表。
544	échéance 到期日，échu 到期的；écho 才是回声，别看开头就猜。
545	E:priority
546	E:strategy
547	E:organization
548	gestion 管理 → gestionnaire 管理者；和英语 manager 放在同一张组织图上。
549	E:direction；也可指公司的管理层
550	E:service
551	E:department；法国地图上也指省
552	E:partner
553	fournir 是供应；fournisseur 是供货的人或公司。
554	E:client
555	像英语 command；购物时 une commande 是订单。
556	livrer 是送货；livraison 是配送这件事。
557	E:stock
558	réseau 网络 → réseautage 拓展人脉；节点可以是电脑，也可以是人。
559	E:contact
560	compte 是记录；会后交回一份记录 → 会议纪要。
561	E:price / prize；法语 prix 兼有两义
562	E:tariff
563	E:cost
564	monter 上升，montant 金额；想象账目加总后数字向上增加。
565	E:sum
566	E:revenue
567	E:benefit；财务语境中常指利润
568	perdre 是失去；perte 是损失。
569	E:debt
570	prêter 是借出；un prêt 是借出的一笔贷款。
571	taux 比率、tôt 早：通常同音；百分号提醒你写 taux。
572	E:interest；兴趣和利息两义都能联想
573	impôt 税、imposable 应税的；共同的 imp- 让你想到被征收的一部分。
574	E:tax
575	E:promotion
576	E:reduction
577	remise 来自 remettre 的词形家族；退回一部分价格，联想折扣。
578	s'abonner 是订阅；abonnement 是订阅服务。
579	E:payment
580	virer 可指转移；virement 是把钱转过去。
581	prélever 是取出一部分；银行自动从账户扣走。
582	E:deposit / depot
583	retirer 取出 → retrait 取款。
584	solde 账户余额；soldes 复数还常见于打折季招牌，留意语境。
585	E:account
586	carte（卡）＋ bancaire（银行的）：银行卡。
587	E:money；monnaie 也常指零钱
588	espèces 单独可指种类或物种；付钱场景中才转到“现金”。
589	E:cheque / check
590	recevoir 是收到；reçu 是“已收到”的凭证。
591	caisse 箱子或收银处，caissier 收银员；想象装钱的箱子。
592	acheter 是买；achat 是购买。
593	vendre 是卖；vente 是销售。
594	E:exchange
595	E:guarantee
596	E:investment
597	E:capital
598	marché 市场，marcher 走路；走着逛市场只是助记联想，注意有无重音。
599	像 concurrence，但法语商业中常指竞争。
600	pénurie 短缺；联想英语 penury（贫困），都让人想到不够用。
601	E:state；État 大写时指国家
602	E:government
603	E:ministry
604	E:administration
605	maire 是市长；mairie 是市长办公的市政厅。
606	E:commune
607	E:region
608	E:territory
609	E:population
610	E:citizen
611	E:nationality
612	E:politics / policy；法语用同一个词
613	E:democracy
614	E:election
615	E:vote
616	loi 法律，loyal 忠实：只作词形联想，守法与守信放在一起记。
617	英语 right 也能表示“右”和“权利”，和 droit 一起记。
618	动词 devoir 是必须；名词 un devoir 是必须做的义务。
619	E:tribunal
620	procès 是诉讼，processus 是过程：别把相似的开头当作同一个词。
621	E:judge
622	se plaindre 是抱怨；plainte 是正式投诉。
623	amende 是罚款，amande 是杏仁：只差一个元音。
624	peine 痛苦、辛劳、刑罚兼有；把“难受的负担”作为共同画面。
625	E:prison
626	E:security
627	E:justice
628	E:liberty
629	E:equality
630	in- 否定＋ égalité：不平等。
631	E:discrimination
632	E:association
633	E:syndicate；法语劳动语境中常指工会
634	manifester 表达、示威 → manifestation；让意见公开可见。
635	E:reform
636	mesurer 是测量；mesure 也可指解决问题的措施。
637	E:public service；法语形容词放在 service 后
638	E:authorization
639	interdire 是禁止；interdiction 是禁令。
640	E:obligation
641	E:research
642	découvrir 是发现；découverte 是发现的成果。
643	E:protocol
644	E:variable
645	E:parameter
646	échantillon 样本 → échantillonnage 取样；一小份代表整体。
647	donner 是给；donnée 可联想为“给定的数据”。
648	E:statistics
649	E:probability
650	moyen 中等的 → moyenne 平均值；把一组高低数拉到中间。
651	E:proportion
652	E:quantity
653	E:unit
654	E:volume
655	E:surface
656	long 是长；longueur 是长度。
657	large 是宽；largeur 是宽度。
658	haut 是高；hauteur 是高度。
659	profond 是深；profondeur 是深度。
660	vite 快 → vitesse 速度；把 -esse 结尾记成动作特征的名词。
661	E:force
662	E:pressure
663	E:temperature
664	E:energy
665	puissant 强大的 → puissance 力量或功率；和英语 power 对照。
666	E:current；电流和水流都能联想
667	E:tension；电路中还可指电压
668	E:circuit
669	capter 是捕捉；capteur 捕捉信号，就是传感器。
670	E:motor
671	E:material；matériau 强调制造用材料
672	E:component
673	appareil 设备，appareiller 装配或启航；把它想成可运作的一整套装置。
674	outil 是单件工具；outillage 是一套工具装备。
675	logique 像 logic；把 logiciel 联想成运行逻辑的软件。
676	fiche 是资料卡；fichier 是储存资料的文件。
677	E:dossier
678	mot（词）＋ passe（通行）：让你通过的口令。
679	sauver（救下）＋ garder（保留）的联想：保存备份。
680	E:connection
681	E:climate
682	联想英语 meteorology（气象学）；météo 是天气预报。
683	E:precipitation
684	averse 阵雨，avers 正面：写阵雨多一个 e，别和反面 revers 的搭档混。
685	neige 雪 → neiger 下雪 → neigeux 多雪的；都抓住 neig-。
686	联想英语 ventilation（通风）；vent 是风。
687	orage 雷雨 → orageux 雷雨的；别因像 orange 就记成橙子。
688	éclair 是一闪；闪电和闪电泡芙都用这个词。
689	先看到 éclair，再听到 tonnerre：闪电后是雷声。
690	brouillard 雾，brouiller 使模糊；想象玻璃被蒙上看不清。
691	nuage 云 → nuageux 多云的；在 nuage 后接 -ux 记形容词。
692	canicule 酷暑 → caniculaire 酷暑的；别和普通 chaud 热的混为同等强度。
693	geler 是冻结；gel 是结冰。
694	sec 是干的；sécheresse 是干旱。
695	E:inundation
696	联想英语 incendiary（纵火的），记 incendie 是火灾。
697	联想英语 seismic（地震的）。
698	E:volcano
699	E:glacier
700	E:ocean
701	fleuve 直接入海；想象河流一路奔向大海。
702	E:river；与直接入海的 fleuve 区分
703	E:lake
704	E:littoral（沿海的）
705	E:coast；另把肋骨和坡道想成身体、地形的侧边
706	mer 海、marée 潮汐、maritime 海事的：把这组词围绕海洋记。
707	falaise 悬崖，faillite 破产：只作区分记忆，悬崖不是财务“掉下去”。
708	E:valley
709	colline 是小山，montagne 是大山；先把高矮两种轮廓固定。
710	E:forest
711	racine 根，racinaire 根部的；树根和数学的根都可以用 racine。
712	一片叶子、一张纸都薄薄的，法语都叫 feuille。
713	E:fauna
714	E:ecosystem
715	E:biodiversity
716	E:pollution
717	E:emission；电台把节目“发射”出去，也叫 émission
718	E:recycling
719	E:agriculture
720	récolter 是收获；récolte 是收成。
721	E:apartment
722	immeuble 是整栋楼，appartement 是其中一套。
723	étage 楼层、étagère 架子：把搁板想成物品的楼层。
724	联想英语 escalator（自动扶梯）；escalier 是楼梯。
725	E:ascend（上升）；ascenseur 是电梯
726	couloir 走廊，couler 流动；只作联想，人流沿着走廊流过去。
727	entrer 是进入；entrée 可指入口，也指开餐的前菜。
728	E:salon；家里也指客厅
729	英语 cuisine 指烹饪风格；法语还指厨房。
730	bain 是洗澡；salle de bains 是洗澡的房间。
731	E:balcony
732	E:terrace
733	toit 屋顶，toile 布；想象布篷当屋顶，注意它们只是字形联想。
734	联想英语 mural（壁画）：画在 mur 上。
735	E:soil；sol 也指脚下的地面
736	实际的天花板，也能比喻金额的上限。
737	chaud 是热；chauffage 是让屋里变热的供暖。
738	climat 像 climate；climatisation 调节室内气候。
739	robinet 水龙头，robot 机器人：给机器人装个水龙头作画面联想，别混拼写。
740	évier 厨房水槽，lavabo 洗手盆：用厨房和浴室两张图区分。
741	douche 淋浴 → doucher 冲淋；雨从上面下来，不是在 baignoire 里泡。
742	bain 是洗澡；baignoire 是泡澡的大浴缸。
743	E:mirror
744	E:armoire（立柜）
745	étage 是楼层；把 étagère 想成物品的小楼层。
746	tirer 是拉；tiroir 是拉出来的抽屉。
747	rideau 窗帘，ride 皱纹；把窗帘的褶皱作为字形联想。
748	联想英语 tapestry（挂毯），把 tapis 记作地毯。
749	couvrir 是覆盖；毯子和书封面都盖在外面。
750	oreille 是耳朵；oreiller 是睡觉时耳朵挨着的枕头。
751	E:drape（披盖）；drap 是铺床的床单
752	serviette 毛巾或餐巾，servir 服务；想象服务员递来餐巾。
753	联想英语 vestment（服装），记 vêtement。
754	E:tissue；布料和身体组织都能联想
755	taille 尺寸、腰围，tailler 裁剪；裁衣服就要量尺寸。
756	manche 袖子，manchette 袖口；-ette 让你想到较小的部分。
757	E:collar
758	英语 haute couture 是高级定制服装；记缝纫、接缝。
759	fermeture 是闭合，éclair 是闪电：唰一下拉起来。
760	double 是双重；衣服多的一层就是 doublure。
761	E:ingredient
762	E:casserole；记有深度的锅，区别 poêle
763	想象煎鸡蛋的平锅；une poêle 是煎锅，un poêle 是炉子。
764	couvrir 是盖住；couvercle 是盖住锅的盖子。
765	不是英语 four（四）；把 four 和烤箱烘焙连记。
766	bouillir 是沸腾；bouilloire 是把水烧开的壶。
767	passer 是通过；水能通过孔，面条留下来。
768	découper 是切开；用来切菜的 planche（板）。
769	couteau 刀、couper 切：同样以 cou- 开头，工具和动作一起记。
770	E:fork；分叉的餐具，法语写 fourchette
771	cuillère 有凹槽，fourchette 有叉齿；用形状分开两种餐具。
772	assiette 是盘子，assise 是坐着的状态；只作联想，食物“坐”在盘上。
773	E:bowl
774	玻璃这种材质和玻璃杯都叫 verre。
775	tasse 杯子；不是英语 task（任务），想象用一杯咖啡开始任务。
776	E:portion
777	E:recipe；另记 recettes 也常指进账收入
778	cuire 是烹煮；cuisson 是烹煮过程。
779	联想英语 seasoning；给菜添味的调味。
780	E:spice
781	E:salt
782	E:sugar
783	联想英语 farina（谷物粉），记 farine。
784	huile 油、huileux 油腻的；抓住 huil-，不是英语 hill。
785	beurre 黄油，beurrer 涂黄油；多一个 r 变成动作。
786	E:cream
787	E:yogurt
788	联想英语 viand（食物）；法语 viande 专指肉。
789	E:beef
790	E:pork
791	英语 legume 常指豆类；法语 légume 是蔬菜这个大类。
792	E:fruit
793	字面“土地里的苹果”：土豆。
794	E:carrot
795	E:onion
796	ail 大蒜、aïoli 蒜味酱：用蒜和酱的联系记短短的 ail。
797	champignon 是蘑菇，champion 才是冠军。
798	haricot 豆类，haricots verts 是其中的绿色豆角；先记整荚长条形。
799	E:dessert；两个 s，别和 desert 混
800	E:savor / savour
801	santé 健康，sain 健康的；不要和 saint（圣人）同音混写。
802	联想英语 malady（疾病）。
803	E:symptom
804	douloureux 是痛的；douleur 是疼痛本身。
805	E:fever
806	E:infection
807	blesser 是弄伤；blessure 是伤口或伤势。
808	cicatrice 疤痕 → cicatriser 愈合；伤口关闭后留下疤。
809	E:allergy
810	E:treatment
811	E:medication
812	医生开的一张用药“命令单”：处方。
813	E:consultation
814	E:exam；在医院是检查，在学校是考试
815	E:diagnosis
816	prise 是取，sang 是血：取血检查。
817	soin 照料 → soigner 照顾；同一词族，一个名词一个动作。
818	E:urgency；医院 les urgences 是急诊科
819	E:hospital
820	E:clinic
821	médecin 是医生，médicament 是药，别混。
822	联想英语 infirmary（医务室），记护士的工作场所。
823	E:surgeon
824	E:patient
825	联想英语 corps（团体）：一个整体；le corps 是身体。
826	peau 皮肤，pot 罐：同音但一个包住身体，一个装东西。
827	E:muscle
828	联想英语骨科词根 osteo-；os 是骨头。
829	E:articulation；骨头连接转动的位置
830	cœur 心脏、courage 勇气：把心里的勇气作为词形联想。
831	联想英语 pulmonary（肺部的）。
832	E:stomach
833	联想英语 cerebral（大脑的）。
834	联想英语 sanguine；献血是 donner son sang。
835	E:respiration
836	联想英语 somnolent（困倦的），记 sommeil。
837	E:appetite
838	E:fatigue
839	guérir 是治好；guérison 是痊愈。
840	E:convalescence
841	E:departure
842	E:arrival
843	联想英语 sojourn（暂住），记 séjour。
844	E:destination
845	E:itinerary
846	escale 经停，escalier 楼梯；联想旅途像爬楼，中间停一层。
847	E:correspondence；车站里也指换乘连接
848	E:embarkation
849	coller 是粘住；联想飞机脱离地面：起飞。
850	terre 是土地；回到地面就是 atterrissage。
851	voler 可指飞或偷；用航班、失窃两个场景区分。
852	équipe 是团队；équipage 是飞机或船上的团队。
853	E:passenger
854	E:baggage
855	douane 海关，douanier 海关人员；-ier 帮你从地方联想到职业。
856	E:visa
857	permettre 是允许；permis 是准许做事的证件。
858	E:reservation
859	héberger 提供住宿 → hébergement 住宿；先抓 héberg-。
860	auberge 旅舍，aubergine 茄子；一字之差的联想是旅舍端来茄子。
861	E:reception
862	consigne 可指指示，也可指寄存；寄存柜上贴着操作指示。
863	E:quay（码头）；火车站也叫 quai
864	voie / voix 发音相同：道路 / 声音。
865	E:rail
866	E:tunnel
867	联想英语 pontoon（浮筒）：可用来搭浮桥。
868	把十字路口看作四条路线汇合的地方。
869	rond 是圆；圆形路口就是环岛。
870	trotter 小步快走 → trottoir 人行道；把脚步和走的地方连起来。
871	piéton 是行人；供行人通过的 passage。
872	tri- 三＋ colore 颜色：三色交通灯。
873	payer 付款，péage 道路收费；用收费闸口作共同画面。
874	stationner 是停车；stationnement 是停车这件事。
875	E:parking；法语 un parking 指停车场
876	联想英语 carbon（碳）：汽车燃料常含碳。
877	不是只指英语 essence；加油时 essence 就是汽油。
878	E:service station
879	不是英语 location（位置）；法语 location 是租赁。
880	randonnée 徒步，randonneur 徒步者；-eur 帮你记活动的人。
881	E:culture
882	E:patrimony（祖传财产）
883	E:tradition
884	E:custom
885	E:history / story；法语同一个词兼两义
886	E:epoch
887	siècle 世纪、séculaire 世纪的或世代的；和 cent 一百一起放入时间轴。
888	E:generation
889	英语 oeuvre 也指作品；法语写 œuvre。
890	E:author
891	romancier 是小说家；roman 是他写的小说。
892	E:poem
893	conte 故事，compte 账目：同音，讲故事不用那个 p。
894	E:intrigue
895	personne 是人；personnage 是故事中的人物。
896	E:chapter
897	E:paragraph
898	E:title
899	E:edition
900	E:publication
901	E:article
902	E:journal；法语日常也指报纸
903	E:review；如文学评论期刊
904	lire 是读，lecteur 是读者，也能指读取设备。
905	biblio- 提示书；bibliothèque 借书，librairie 买书。
906	像 library 却是书店；图书馆要用 bibliothèque。
907	E:spectacle
908	E:scene
909	E:piece；一件零件、一间房、一出戏
910	E:theatre
911	E:concert
912	E:orchestra
913	E:instrument
914	E:melody
915	E:rhythm
916	英语 partition 指分割；法语音乐中是写出各声部的乐谱。
917	E:exposition
918	E:sculpture
919	E:paint / painting
920	E:photography
921	E:pertinent
922	E:coherent
923	E:contradictory
924	E:ambiguous
925	E:explicit
926	E:implicit
927	E:concrete（具体的）
928	E:abstract
929	E:complex
930	E:simple
931	E:essential
932	E:secondary
933	E:principal
934	E:global；法语也常指总体的
935	E:partial
936	E:complete
937	profond 是深；approfondi 是深入研究过的。
938	E:preliminary
939	E:progressive
940	E:constant
941	prévoir 是预见；prévisible 是可预见的。
942	E:stable
943	in- 否定＋ stable：不稳定。
944	E:permanent
945	E:temporary
946	E:provisional
947	E:punctual；另可指一次性的、偶发的
948	E:regular
949	E:irregular
950	E:frequent
951	E:exceptional
952	E:ordinary
953	E:particular
954	E:general
955	E:specific
956	E:individual
957	E:collective
958	E:personal；这里是形容词，注意双 n
959	E:professional
960	E:autonomous
961	toutefois 把话锋转回来，像 however。
962	conséquence 是结果；par conséquent 引出结果。
963	用在补充下一点时，像英语 moreover。
964	ailleurs 是别处；par ailleurs 转向另一个方面。
965	part 是一部分：把两方面分别放到两边。
966	autrement（换种方式）＋ dit（说）：换句话说。
967	字面“这就是说”，用来进一步解释。
968	联想英语 notably（尤其、特别是）。
969	E:for example
970	E:in particular
971	E:in general
972	ensemble 是整体；把所有部分放一起看。
973	E:in principle
974	E:in practice
975	vrai 是真的，dire 是说：说实话。
976	E:in reality
977	E:in appearance
978	première 是第一，vue 是看：第一眼看上去。
979	E:at the beginning；début 也借入英语表示初次登场
980	fin 是结束；和 au début 配对。
981	entre（之间）＋ temps（时间）：两件事之间的时间。
982	把 dès que 当作时间开关：一发生就行动。
983	tant que 像持续按住开关：只要条件持续就继续。
984	左右两幅同时发生的画面，用 tandis que 连接。
985	一边如此，而另一边不同：alors que 作对照。
986	整体记“虽然”；bien que 后的动词通常用虚拟式。
987	même（甚至）＋ si（如果）：即使。
988	pourvu que 是“但愿、只要”；想象愿望旁边仍挂着一个条件钩子。
989	moins 是更少；记“除非出现这个例外”。
990	cas 是情况；为万一出现的情况提前准备。
991	换话题点名时用 quant à：至于某人或某事。
992	rapport 是关系；把两件事放到同一参照下比较。
993	E:as a function of；随某因素而定
994	E:apropos of
995	delà 指那边；越过界限到那边，就是超过。
996	与 au-delà de 成对记：界限内 / 界限外。
997	联想英语 traverse（穿越）。
998	près 是近；auprès de 是靠近某人或向某机构。
999	英语也用 vis-à-vis；想象两个人面对面。
1000	faute 表示缺失或过错；faute de temps 是因为没时间。
1001	联想英语 power（能力）；je peux 是我能。
1002	vouloir 想要，volonté 意愿；vou-/vol- 让你联想到意愿推动行动。
1003	名词 devoir 是义务；动词就是必须履行，也可指欠钱。
1004	先记固定框架 il faut：必须、需要。
1005	prendre 像 take：拿东西、乘交通、吃喝都可用。
1006	mettre 像 put：放在桌上，也可穿到身上。
1007	联想英语 donate（捐赠）；donner 是给。
1008	联想英语 voyeur 的“观看”含义；voir 是看见。
1009	entendre 是听见了；écouter 是主动去听。
1010	像 demand，但 demander 也可以只是礼貌询问。
1011	appeler 叫、appel 呼叫；重复的 pp 和共同的 appel- 一起记。
1012	E:arrive；也可指事情发生
1013	E:pass
1014	联想英语 laissez-faire（放任）；laisser 是让、留下。
1015	suivre 跟随 → suite 后续；像队伍里后一个紧跟前一个。
1016	sortie 是出口；sortir 是出去。
1017	re-＋ entrer（进入）：返回里面、回家。
1018	E:enter
1019	E:vivid（生动的）；把 vivre 和生命活力联想
1020	E:scent（气味）；sentir 也可指感觉
1021	英语 essay 也有尝试之义；essayer 是试一试。
1022	E:change
1023	E:pay
1024	E:march；除了走路，还可指机器能运转
1025	E:guard；看管好，也就保留下来
1026	montrer 给别人看，voir 是自己看见。
1027	联想英语 portable（便携的），记 porter 携带。
1028	E:serve
1029	re-（再）＋ trouver（找到）：找回、重逢。
1030	E:finish
1031	jouer de + 乐器；jouer à + 游戏或运动。
1032	s'asseoir 是坐下，assis 是坐着的；一张椅子串起动作与状态。
1033	lever 是举起；se lever 是把自己立起来。
1034	coucher 是放倒；se coucher 是自己躺下睡觉。
1035	réveil 是闹钟；闹钟响就 se réveiller。
1036	laver 是洗；se laver 是洗自己。
1037	habit 是衣服；s'habiller 是给自己穿衣。
1038	联想英语 promenade（散步）。
1039	se dépêcher 赶快，dépêche 急件；想象收到急件后立刻加速。
1040	E:prepare；se 表示让自己准备好
1041	tromper 欺骗，se tromper 是自己弄错；不是故意骗别人。
1042	E:excuse；s'excuser 是为自己道歉
1043	passer 经过；se passer 可把事情看成从眼前发生、经过。
1044	trouver 是找到；se trouver 在问路时指位于。
1045	sentir 是感觉；se sentir bien 是自己感觉好。
1046	brosse 是刷子；se brosser les dents 是刷牙。
1047	rencontrer 遇见别人；se rencontrer 是彼此相遇。
1048	E:marry
1049	E:separate
1050	bain 是洗澡；se baigner 是自己泡进水里。
1051	联想英语 mount（登上），记 monter。
1052	E:descend
1053	tomber 掉落，tombe 坟墓；只是词形联想，勿把普通跌倒想得太严重。
1054	courir 跑起来，course 是跑步或赛跑。
1055	nager 游泳 → nage 泳姿 → nageur 游泳者；抓住 nag-。
1056	联想英语 conduct（带领）；也指驾驶。
1057	两幅画面记：鸟 voler 飞走；小偷 voler 偷东西。
1058	E:voyage；加 -er 变成旅行这个动作
1059	E:visit；参观地点用 visiter，探望人常说 rendre visite
1060	E:turn
1061	E:traverse
1062	E:advance
1063	avancer 向前，reculer 向后：两支相反箭头。
1064	联想英语 glide（滑行），记 glisser。
1065	英语 sauté 指颠炒；联想锅里食物跳起来。
1066	E:dance
1067	E:chant
1068	rire 笑，rire 的过去分词 ri 很短：一声“哈”的长度作联想。
1069	sourire 是轻轻的笑；rire 是笑出声。
1070	pleurer 哭 → pleurs 泪水；把共同的 pleur- 和眼泪绑定。
1071	E:cry；法语 crier 主要是喊叫，哭用 pleurer
1072	E:respire
1073	toux 咳嗽，tousser 咳；字尾变化了，开头 tou- 没变。
1074	打完喷嚏会听到 À tes souhaits !，和 éternuer 一起记。
1075	E:fume
1076	boiter 是走路一瘸一拐；想象左右步子不一样。
1077	naissance 是出生；naître 是出生这个动作。
1078	grand 是大；grandir 是变大、长大。
1079	vieux 是老的；vieillir 是变老。
1080	联想英语 mortal（会死的），记 mourir。
1081	联想英语 illuminate（照亮）；allumer 开灯、点火。
1082	allumer / éteindre：亮起来 / 熄下去。
1083	branche 是树枝；联想把一条电线接到主干上。
1084	dé- 撤掉＋ brancher 连接：拔掉插头。
1085	E:charge
1086	télé- 远程＋ charger 加载：从远端下载。
1087	E:click
1088	联想英语 imprint（印上），记打印。
1089	E:scan
1090	registre 是登记册；把内容记录、保存进去。
1091	E:copy
1092	E:select
1093	E:photograph
1094	E:film
1095	son 是声音；sonner 是铃响起来。
1096	E:vibrate
1097	E:function
1098	E:utilize
1099	appui 支撑，appuyer 按压；按按钮和支住重量都要施力。
1100	E:tap；敲键盘也是 taper
1101	Ça me plaît 的主语是“它”：它使我喜欢。
1102	emmener 带人去；emporter 带物去。
1103	amener 带人来；apporter 带物来。
1104	E:touch
1105	E:import；另记 peu importe 是不要紧
1106	valeur 是价值；valoir 是值多少钱、值得。
1107	E:suffice
1108	联想英语 budge（挪动），记 bouger。
1109	E:vend
1110	英语 cache 是隐藏的缓存；cacher 是藏起来。
1111	action 是行动；agir 是采取行动。
1112	E:adore
1113	jet 是喷射；联想把东西一下扔出去。
1114	E:promise
1115	mensonge 是谎言；mentir 是说谎。
1116	E:offer
1117	mettre 穿上或放上，enlever 脱下或移走。
1118	lâche 松的或胆怯的，lâcher 松开；把绳子由紧变松。
1119	E:calm
1120	dis- 消失的方向＋ apparaître 出现：不见了。
1121	casser 打碎 → casse 破损；听到玻璃碎裂就给 cass- 配声音联想。
1122	英语 frappé 饮品让人想到搅打；frapper 的核心动作是击打。
1123	像 ignore；法语 ignorer 还可以是“不知道”。
1124	se taire 不说话，silence 沉默；一个是动作，一个是状态。
1125	E:resemble
1126	re-（再）＋ mettre（放）：放回，也可推迟。
1127	E:amuse；se 表示让自己开心
1128	E:interest
1129	bras 是手臂；张开双臂拥抱，也常指亲吻。
1130	E:exist
1131	pré- 提前；提前通知或提前预防。
1132	联想英语 habitat（栖息地），记居住。
1133	ranger 是整理；déranger 像打乱安排：打扰。
1134	E:reverie（白日梦）
1135	paraître 显得，apparaître 出现：作为一组记。
1136	E:approach
1137	crainte 是担忧；craindre 是害怕这个动作。
1138	E:arrange
1139	联想英语 trap（捕捉），记抓住。
1140	E:abandon
1141	用 crème brûlée（焦糖布丁）记 brûler 烧、烤焦。
1142	E:assure / insure
1143	E:treat
1144	E:risk
1145	E:repeat
1146	E:sign
1147	E:oblige
1148	oser 敢于；可以联想英语 bold 的勇敢，但 oser 是动词。
1149	plaisanterie 是笑话；plaisanter 是开玩笑。
1150	像 support，但常见意思是忍受，如 supporter le bruit。
1151	règle 是规则或尺；régler 是把事情调到合适状态。
1152	联想英语 surveillance（监视）。
1153	re-（再）＋ commencer（开始）：重新开始。
1154	E:cost
1155	rater 没成功，raté 失败的；不是英语 rate（评级）。
1156	联想英语 attempt / tempt：尝试，也可吸引。
1157	E:fatigue；法语加 -r 变成使疲劳
1158	E:doubt
1159	E:recuperate；法语还可指取回东西
1160	E:duration；durer 是持续多久
1161	deviner 猜 → devinette 谜语；看到小谜语就想到猜答案。
1162	tenir 是握住；retenir 把东西留住，也把知识留在脑中。
1163	E:realize
1164	E:study；注意 étudiant 是学生
1165	E:engage
1166	E:cease
1167	E:signify
1168	pluie 是雨；il pleut 是下雨了。
1169	neige 是雪；il neige 是下雪了。
1170	联想英语 train 被牵引；traîner 是拖着、磨蹭。
1171	E:direct
1172	dit 与 dire（说）联想：命令说“不许”。
1173	E:command；餐厅里 commander 是下单点菜
1174	E:roll
1175	E:control；法语也常指检查证件
1176	E:telephone
1177	re-（回）＋ envoyer（寄）：寄回。
1178	re-（再）＋ partir（出发）：再次出发。
1179	re-（再）＋ faire（做）：重做。
1180	gêné 是感到尴尬的；gêner 是使人不舒服。
1181	porter 是带；rapporter 是带回，也能带回消息。
1182	E:invent
1183	nerf 是神经；联想触动神经、让人烦躁。
1184	étonné 是吃惊的；étonner 是使吃惊。
1185	E:deposit；放下或提交一份文件
1186	nourriture 是食物；nourrir 是用食物喂养。
1187	crochet 是钩子；accrocher 是挂到钩上。
1188	serré 紧的，serrer 弄紧；和 desserrer 松开作反向记忆。
1189	soin 是照料；soigner 是提供照料和治疗。
1190	guérison 是康复；guérir 是康复的动作。
1191	E:attach
1192	E:join；还可指附上文件或联系到人
1193	E:appear
1194	E:mark
1195	ramasser 捡起并聚拢，amas 一堆；把零散物品收成一堆。
1196	passer 是经过；dépasser 是越过去。
1197	goût 是味道；goûter 是尝味道。
1198	E:reunite
1199	E:confide
1200	E:contact
1201	je 是动词前的我，moi 是重读的我；两种角色，不是任意替换。
1202	tu 是熟人间的你；陌生人或礼貌场合常用 vous。
1203	il / elle 分阳性、阴性，也能代指有语法性别的物品。
1204	nous / vous：我们 / 你们，只换首字母 n 和 v。
1205	vous 一词兼顾礼貌的您和复数的你们。
1206	il、elle 加 s 变复数；ils 可用于混合性别的一组人。
1207	口语 on 常等于 nous，但动词仍用第三人称单数。
1208	je 放动词前作主语；moi 可单独回答“我”。
1209	tu 是主语形式，toi 是重读形式；像英语 I 和 me 那样分角色记。
1210	lui 可重读指他，也可作间接宾语指给他或她；不等于只代表男性。
1211	ils 用来做主语，eux 用在重读位置；把它当作复数版的 lui。
1212	跟着人称记：je me、tu te、il/elle se。
1213	名词前是“这个/这些”的冠词；动词前可能是宾语代词。
1214	un 阳性，une 阴性，des 复数；一起记成三格。
1215	把食物看作取一部分：du pain、de la soupe、de l'eau。
1216	看所属物：mon livre、ma table、mes clés，不看主人性别。
1217	和 mon/ma/mes 换首字母：ton/ta/tes 属于你。
1218	son/sa 按物品性别选，不表示主人一定是他或她。
1219	notre 配单数物品，nos 配复数物品。
1220	votre 配单数，vos 配复数；主人是您或你们。
1221	leur livre 一本，leurs livres 多本；代词 leur 不加 s。
1222	ce livre、cet ami、cette table、ces livres 四格对照。
1223	-ci 提示这里；ceci 可联想 this。
1224	ça 是 cela 的口语形式；Ça va ? 里的 ça 就是它。
1225	像给名词找替身：celui-ci 这个，celle-là 那个。
1226	quel 后还要跟名词：Quel livre ? 哪本书？
1227	quelque＋un：不具体点名的某一个人。
1228	chose 是东西；quelque chose 就是某样东西。
1229	chacun 可独立站着表示每一个；chaque 后还要名词。
1230	chaque 后要带单数名词；chacun 自己就能代表每一个。
1231	按阴阳、单复数四格记：tout/toute/tous/toutes。
1232	联想 plus（更多）：不止一两个，好几个。
1233	quelques jours 是几天；注意复数 s。
1234	un 是一个；aucun 配否定就是连一个也没有。
1235	E:other
1236	le même 是同一个；même moi 是甚至我。
1237	qui 是谁；n'importe qui 不限定是谁。
1238	quoi 是什么；n'importe quoi 不限定什么，也可斥为胡话。
1239	une personne 是一个人；ne…personne 是没有人。
1240	rien 什么也没有，personne 没有人：一格装物，一格装人，两格都空。
1241	用 J'y vais 记：我去那里；y 代掉地点。
1242	用 J'en veux deux 记：我要其中两个；en 代掉所指物。
1243	把 de 拉进关系从句：le livre dont je parle，我谈到的书。
1244	qui 常替从句主语：la personne qui parle，说话的人。
1245	que 常替从句宾语：le livre que je lis，我读的书。
1246	介词后记 quoi：avec quoi（用什么）、de quoi（关于什么）。
1247	quel 要带名词，lequel 自己就表示哪一个。
1248	soi 是泛指的自己；moi/toi 指明我和你，soi 不点名。
1249	mon livre → le mien：省掉名词后的“我的那个”。
1250	ton livre → le tien：省掉名词后的“你的那个”。
1251	把 à 想成指向一个点的箭头：à Paris、à toi。
1252	把 de 想成从来源牵出一条线：de Paris、le livre de Paul。
1253	把 en tant que 看作身份胸牌：“作为谁”参加这件事。
1254	dans la boîte 在盒内；dans une heure 再过一小时。
1255	把 sur 想成东西放在桌面上，有接触。
1256	sur 上，sous 下：多一个 s，钻到桌子下面。
1257	avec 和 sans 成对记：有同伴一起 / 没有同伴。
1258	英语也借用 sans 表示没有，如 sans-serif 无衬线。
1259	pour 朝向目的或受益人；把它画成礼物送向某人的箭头。
1260	par 像一条途经路线：借助某手段，或由某人完成。
1261	chez 后跟人或店家：chez moi 我家，chez le médecin 医生处。
1262	E:between；entre A et B 是在 A 和 B 之间
1263	devant 指空间前面；avant 常指时间之前。
1264	英语 derrière 指臀部；联想身体后面来记位置。
1265	E:before；时间上的“之前”
1266	E:after；配 avant 一起记前后顺序
1267	从过去起点拉一条延续到现在的线：depuis。
1268	pendant deux heures 是持续两小时，强调时长。
1269	把 jusqu'à 记作终点箭头：一直到那里。
1270	dès 把注意力放在起点：dès demain 从明天起。
1271	vers Paris 朝巴黎；vers huit heures 大约八点。
1272	联想英语 contra-（反对）；也可指靠着表面。
1273	selon 根据；想象在一句话旁标上信息来源“依某人所说”。
1274	entre 想两者之间，parmi 想一群之中。
1275	tour 是一圈；autour de 是在周围一圈。
1276	près 近，prêt 准备好：同音而词尾不同，位置近要写 s。
1277	和 près de 配对：近处 / 远处。
1278	côté 是侧边；à côté de 就在旁边。
1279	face 是脸；在正对脸的那一边。
1280	mi 联想 middle：在中间。
1281	dessus 是上面；au-dessus de 可以悬在上方，不必接触。
1282	dessous 是下面；和 au-dessus de 对照上下。
1283	hors 外面，dehors 在外面；抓住共同的 hors。
1284	et 是 and；别和 est（是）混。
1285	ou 没重音是“或者”；où 有重音才是“哪里”。
1286	mais 但是，mes 我的复数物品：发音接近，别把转折当所有格。
1287	不是英语 car（汽车）；放句中可表示“因为”。
1288	pourquoi 为什么？parce que 因为：一问一答。
1289	把 puisque 当作“既然你我都知道这个前提”。
1290	si 既可引出如果，也能反驳否定问句：Si ! 不，我有！
1291	si＋non 的联想：如果不是这样，就“否则”。
1292	quand 问时间，où 问地点。
1293	lorsque 和 quand 都能引出“当……的时候”。
1294	不是英语 comment（评论）；Comment ? 是怎么？
1295	pour（为了）＋ quoi（什么）：为什么？
1296	où 上面的小重音标记地点；ou 无重音是或者。
1297	combien 问数量，comment 问方式：前者想数字，后者想步骤。
1298	ni…ni… 对应 neither…nor…。
1299	两扇可选的门：soit A, soit B。
1300	afin de 后接原形；afin que 后引出有主语的从句。
1301	ne 和 pas 把动词夹起来：je ne sais pas。
1302	把 pas 换成 plus：从“不”变成“不再”。
1303	ne…que 像围栏只留下一个选择：只有。
1304	très bon 是很好；trop bon 在口语也常作夸赞。
1305	trop 多到过量；和恰好够的 assez 对照。
1306	assez 恰好够，trop 超过头，peu 太少：画三个不同的水位线。
1307	beaucoup 很多，peu 很少；把数量条拉满或缩短。
1308	peu 少；un peu 一点；差一个 un，语气不同。
1309	E:plus；像数学加号，表示更多
1310	E:minus；像减号，表示更少
1311	aussi 也、同样，ainsi 这样；只差中间字母，别混逻辑作用。
1312	aussi 常比程度，autant 常比数量：autant de livres。
1313	英语喊 encore 是再来一次；法语也有还、仍然之义。
1314	英语 déjà vu 是似曾相识：déjà 表示已经。
1315	souvent 经常，parfois 有时，rarement 很少：排成频率阶梯。
1316	fois 是次；parfois 是有些时候。
1317	bien＋tôt（早）的联想：不用等很久。
1318	tôt / tard：早 / 晚，放到钟表两边记。
1319	联想英语 tardy（迟到的）。
1320	vitesse 是速度；vite 就是速度快。
1321	lent（慢）＋ -ment：慢慢地。
1322	bien 形容做得好；bon 常形容东西好。
1323	联想英语 mal- 的负面感觉，如 malfunction。
1324	bien 好 → mieux 更好，像 well → better。
1325	vrai 是真的；vraiment 是确实、真的。
1326	seul 是单独；seulement 限定为只有这些。
1327	E:just
1328	peut（可能）＋ être（是）：可能是，也许。
1329	E:certainly
1330	英语 ensemble 是合奏组合；成员一起演奏。
1331	ici 这里，là 那里；靠近自己的位置用较短的 ici 锚住。
1332	là 那里或在场，la 是冠词；小重音帮你记“地点”。
1333	là 加 -bas，把手指向更远的那边。
1334	par＋tout：像足迹遍布所有地方。
1335	dehors / dedans：门外 / 门内。
1336	dans 在里面，dedans 在里头；dedans 可独立说，不必再接容器。
1337	dessus 是上，dessous 是下；注意 u / ou 的发音区别。
1338	sous 在下面，dessous 在下方；dessous 可独立，不必再接物体。
1339	suite 是后续；ensuite 接着说下一步。
1340	puis 然后，把它看成流程图里连向下一格的箭头。
1341	把 d'abord 放流程第一步：首先。
1342	fin 是结束；enfin 到最后终于完成。
1343	alors 那么、于是；像对话中的转场按钮，把情境推进一步。
1344	long（长）＋ temps（时间）：很久。
1345	tellement 如此、那么；想象程度滑块被拖到说话人强调的位置。
1346	E:completely
1347	E:exactly
1348	doux 是柔和；doucement 是轻柔、慢慢地。
1349	heureux 是幸福的；heureusement 表示幸好。
1350	mal- 加到 heureusement 前：把幸运变成不幸。
1351	E:zero
1352	dix 是十；dizaine 是一组或大约十个。
1353	联想英语 duo（二人组）：deux 是二。
1354	联想英语 trio（三人组）：trois 是三。
1355	联想英语 quartet（四重奏）：quatre 是四。
1356	cinq 五，cinquante 五十；共同的 cinq- 把个位和十位连起来。
1357	拼写和英语 six 一样，法语读音要单独听。
1358	sept 的 p 通常不发音；把七天一周一起记。
1359	huit 八，huitième 第八；把一个 8 和带编号的第八位配对。
1360	neuf 既是九，也可作“全新的”；看上下文。
1361	dix 十，dizaine 十个左右；整十和约十共同抓 dix-/diz-。
1362	onze 紧跟 dix：十过后第一个数，十一。
1363	联想英语 dozen（一打）：douze 是十二。
1364	treize 和 trois 连记：十三 / 三。
1365	quatorze 和 quatre 连记：十四 / 四。
1366	quinze 和 cinq 连记：十五 / 五。
1367	seize 和 six 连记：十六 / 六。
1368	dix＋sept＝10＋7。
1369	dix＋huit＝10＋8。
1370	dix＋neuf＝10＋9。
1371	vingt 二十，vingtaine 二十个左右；先认住共同的 vingt-。
1372	trente 与 trois 配对：三十 / 三。
1373	quarante 与 quatre 配对：四十 / 四。
1374	cinquante 与 cinq 配对：五十 / 五。
1375	soixante 与 six 配对：六十 / 六。
1376	法国常用说法：soixante＋dix＝60＋10。
1377	quatre×vingt＝4×20＝80；整八十带 s。
1378	quatre×vingt＋dix＝4×20＋10＝90。
1379	联想英语 century（一百年）或 cent（一分）。
1380	联想英语 millennium（一千年）：mille 是一千。
1381	lune 是月亮；周一联想 moon day。
1382	把 mardi 与 Mars（火星）配对记星期二。
1383	把 mercredi 与 Mercury（水星）配对记星期三。
1384	把 jeudi 与 Jupiter（木星）配对记星期四。
1385	把 vendredi 与 Venus（金星）配对记星期五。
1386	samedi 与 dimanche 是周末两格；samedi 放在左边先来。
1387	dimanche 后面重新到 lundi；把日历看成闭合一圈。
1388	E:January
1389	E:February
1390	E:March；也和火星 Mars 同形
1391	E:April
1392	E:May
1393	E:June
1394	E:July；比 juin 多出一截，月份也晚一个
1395	E:August；août 拼写短，别漏重音
1396	E:September
1397	E:October
1398	E:November
1399	E:December
1400	E:million
1401	chose 是泛指东西或事情；和英语 thing 一样，不一定是实体物件。
1402	同一个 temps：看钟表问时间，看天空问天气。
1403	英语常见 la vie en rose；vie 是生活、生命。
1404	fois 计次数，temps 计时间；同一件事可做很多 fois，却花很少 temps。
1405	an 用来数时长和年龄：vingt ans；année 常强调这一年。
1406	ma fille 是我女儿；une fille 可以只是一个女孩。
1407	联想英语 monde（社交界）；tout le monde 是所有人。
1408	monsieur 常缩写 M.；注意不是英语 Mr. 的写法。
1409	E:hour
1410	les gens 是复数；不能用 un gens 表示一个人。
1411	nuit 夜晚，nocturne 夜间的；和英语 nocturnal 一起记。
1412	E:name；填表 nom 常要填姓氏
1413	peur 恐惧，peureux 胆小的；共同的 peur- 配一张害怕的脸。
1414	E:mama
1415	E:problem
1416	钱和银都叫 argent：想象银币。
1417	联想英语 manual（手动的），记 main 是手。
1418	fils 的 s 要发音；和 fille（女儿）配对记。
1419	英语 tête-à-tête 是私下交谈；两个人头对头。
1420	coup 一击，cou 脖子；p 不发音，想象脖子边停住的一拳区分写法。
1421	E:mortality（死亡）；mort 是死亡本身
1422	联想英语 amorous（多情的），记 amour。
1423	E:moment
1424	单数 œil，复数 yeux 变化大；把一只眼和两只眼成对记。
1425	E:question
1426	E:affair；mes affaires 常指我的随身东西
1427	travailler 工作 → travail 工作这件事。
1428	想不起东西名称时说 un truc，像英语 thingy。
1429	E:chance；bonne chance 就是祝好运
1430	E:minute
1431	E:type；口语 ce type 也可以是这个家伙
1432	mec 口语里的家伙，homme 较中性；联想英语 guy 的随意语气。
1433	英语 madam 与 madame 联想；缩写 Mme。
1434	E:part
1435	E:place；还可指座位或城市广场
1436	联想英语 terrestrial（陆地的），记 terre。
1437	gars 和 garçon 都可指男孩或小伙；前者短，语气也更随意。
1438	côté 侧边，latéral 侧面的；把物体左右两翼当作“侧”的画面。
1439	E:case
1440	Mot à Mot 字面一个词接一个词：mot 是单词。
1441	联想英语 salute；熟人见面或告别都可以 salut。
1442	E:police
1443	E:suite；一组接续的部分，法语也指后续
1444	E:marry / married；mari 是丈夫
1445	E:papa
1446	garçon 男孩，fille 女孩：配对记。
1447	想象一团火，也想到路口亮着的信号灯。
1448	E:doctor
1449	E:fashion（方式）；法语 façon 是做法
1450	E:point
1451	电影结束常出现 FIN；就是结束。
1452	E:debut
1453	jour 数一天；journée 强调一天中的整段经历。
1454	英语 soirée 也是晚会；soirée 强调一段晚上时光。
1455	après（之后）＋ midi（中午）：下午。
1456	midi 中午，minuit 午夜；一个是白天中点，一个是黑夜中点。
1457	mi（中间）＋ nuit（夜）：半夜十二点。
1458	E:instant
1459	E:second
1460	E:weekend；法语常写连字符
1461	E:vacation；法语假期常用复数 vacances
1462	E:season
1463	printemps 中的 temps 是时间；想象一年重新发芽的时段。
1464	été 是夏天，也会在 a été（曾经是）中出现；看上下文。
1465	E:autumn
1466	联想英语 hibernate（冬眠），记 hiver。
1467	E:date；法语 une date 指日期，约会常用 rendez-vous
1468	E:calendar
1469	heure 是小时；horaire 是按钟点排的时刻表。
1470	E:duration
1471	E:age
1472	E:anniversary；法语也指生日
1473	E:baby
1474	E:parent；法语还可以指亲属
1475	grand＋père：比父亲再上一代。
1476	grand＋mère：比母亲再上一代。
1477	E:uncle
1478	联想英语 aunt；tante 把几种姨姑辈称呼合在一起。
1479	E:cousin；法语 cousine 的 e 标女性
1480	E:nephew
1481	E:niece
1482	E:couple
1483	copain/copine 是熟悉的朋友；语境也能表示恋人。
1484	E:adult
1485	E:adolescent
1486	inviter 是邀请；invité 是受邀的人。
1487	E:marriage
1488	E:divorce
1489	naître 是出生；naissance 是出生这件事。
1490	enfant 是孩子；enfance 是孩子时期。
1491	ami 是朋友；amitié 是朋友之间的友谊。
1492	E:fête（庆典）
1493	cadeau 礼物，gâteau 蛋糕；生日桌上的两件东西，注意 c/g 不同。
1494	E:surprise
1495	E:conversation
1496	E:visit
1497	rencontrer 相遇 → rencontre 一次会面。
1498	E:invitation
1499	pré- 在前＋ nom 名：区分 prénom 名字与 nom 姓。
1500	像英语 surname，但 surnom 是绰号，不是姓氏。
1501	E:visage
1502	bouche 嘴，bouchée 一口；嘴张开一次能吃一 bouchée。
1503	E:nose；nez 的 z 通常不发音
1504	oreiller 是枕头；oreille 是贴在枕上的耳朵。
1505	E:dental（牙齿的）
1506	E:language；舌头帮助发声，langue 兼指语言
1507	cou 脖子，coup 一击：同音但拼写不同。
1508	英语 gorge 是峡谷；联想像喉咙一样狭窄的通道。
1509	联想英语 bracelet（手链），戴在手臂末端。
1510	E:epaulette（肩章）；戴在 épaule 上
1511	jambe 腿，jambon 火腿；把腿的形状作为联想桥梁。
1512	genou 膝盖，genoux 多个膝盖；把一对弯曲的膝盖记成结尾 x。
1513	联想英语 pedestrian（行人）：用脚走路。
1514	dos 背，dossier 椅背或档案；先从身体的背面联想椅背。
1515	联想英语 ventral（腹部的），记 ventre。
1516	doigt 手指，doigté 指法或技巧；弹奏需要灵活的手指。
1517	un cheveu 一根；les cheveux 整头头发。
1518	联想英语 lip；双唇常用 les lèvres。
1519	joue 是脸颊；别和 jouer（玩）混。
1520	E:front；头部正前方是额头
1521	ongle 指甲，onglerie 美甲店；店名中能直接找到 ongl-。
1522	E:barber；理发师也修胡须
1523	poitrine 是胸口区域，cœur 是里面的心脏；不要把区域和器官混为一词。
1524	cheville 脚踝，poignet 手腕；都像四肢末端的一道转轴。
1525	poing 是拳头；poignet 是拳头后面的手腕。
1526	chaussette 是袜，chaussure 是鞋：都穿脚上。
1527	E:robe；法语通常指连衣裙
1528	E:chemise；法语里是衬衫
1529	E:pantaloons / pants
1530	像英语 vest，但 veste 常是夹克，不是背心。
1531	联想英语 mantle（披风），记外面披着的大衣。
1532	pull 缩自 pull-over：从头套下去的毛衣。
1533	jupe 裙子，jupon 衬裙；记住共同的 jup- 和一外一内。
1534	E:T-shirt
1535	E:jeans；法语一条牛仔裤用单数 un jean
1536	E:shorts；法语一条短裤用单数 un short
1537	袜子 chaussette 套在鞋 chaussure 里面。
1538	sous（下面）＋ vêtement（衣物）：穿里面的衣物。
1539	E:pyjamas
1540	E:boot
1541	联想 basketball 穿的鞋；basket 在此指运动鞋。
1542	chapeau 帽子，chapelier 帽匠；共同的 chap- 把物品和职业连起来。
1543	E:bonnet
1544	écharpe 围巾，échappe（逃脱）拼写相近但别混。
1545	gant 手套，ganté 戴手套的；给词尾添 é，手也套进去了。
1546	ceinture 腰带、ceinturer 围住；把中间围成一圈。
1547	联想英语 pouch（小袋），记口袋。
1548	E:button
1549	lune 是月亮；想象两片小圆月组成眼镜。
1550	montrer 是展示；montre 给你展示时间。
1551	repas 是一顿完整的餐，plat 是其中一道菜；一套和一件分开记。
1552	petit 小＋ déjeuner 餐：一天的第一顿小餐。
1553	法国常见用法 déjeuner 午餐；与 petit-déjeuner 区分。
1554	E:dinner
1555	faim 饿，fin 结束：同音，想象吃完饭让饥饿结束，只是助记联想。
1556	soif 渴，assoiffé 渴极了；共同的 soif- 和干燥嘴唇绑定。
1557	nourrir 是喂养；nourriture 是用来吃的食物。
1558	plat 作形容词是平的；平盘上端来一道菜。
1559	E:menu；法语餐厅也常指固定套餐
1560	E:wine；也可联想英语 vino
1561	E:beer
1562	E:juice
1563	E:tomato
1564	E:salad
1565	E:cucumber
1566	poivron 是甜椒，poivre 是胡椒，别混。
1567	E:courgette
1568	E:aubergine
1569	E:spinach
1570	petits（小）＋ pois（豆）：小圆豌豆。
1571	chou 卷心菜，chou-fleur 花椰菜；后者像一颗开花的菜。
1572	E:broccoli
1573	E:banana
1574	E:orange
1575	E:citron / citrus；法语 citron 常指柠檬
1576	E:pear
1577	E:peach；法语 pêche 也指捕鱼，靠场景区分
1578	fraise 草莓，fraisier 草莓植株；果实名加上植物的联想。
1579	英语 raisin 是葡萄干，法语 raisin 是葡萄；干的加 sec。
1580	E:cherry
1581	E:melon
1582	pastèque 西瓜，melon 甜瓜；一个想红瓤黑籽，一个想橙色瓜肉。
1583	E:apricot
1584	多种语言用 ananas 表示菠萝；记住顶部像皇冠。
1585	noix 核桃或坚果，noisette 榛子；记住 noix/nois- 这组近形。
1586	E:almond；amende 是罚款，别把 a 写成 e
1587	E:chocolate
1588	E:gateau（蛋糕）
1589	E:biscuit
1590	冰、冰激凌和镜子都可叫 glace；想象冰亮的表面。
1591	bon 是好；bonbon 像连说两次“好吃”。
1592	联想英语 confiture（果酱），早餐涂面包。
1593	miel 蜂蜜，mielleux 蜜一样甜的或甜言蜜语的；先抓 miel-。
1594	E:compote
1595	E:pasta；法语常用复数 pâtes
1596	小扁豆和隐形眼镜都扁圆，用 lentilles 联想形状。
1597	jambon 火腿，jambe 腿；看到火腿的腿形来记。
1598	E:sausage
1599	crevette 虾，想象一只弯成 C 形的小虾；C 就是首字母。
1600	E:salmon
1601	E:sack
1602	E:bottle
1603	boîte 盒子，emboîter 嵌合；想象把一块东西装进另一块中。
1604	E:packet
1605	英语 pannier 是车侧篮；法语 panier 是篮子。
1606	E:pot
1607	E:vase
1608	bocal 玻璃罐，bol 碗；中间多两个字母，联想碗长高变成罐。
1609	poubelle 垃圾桶，éboueur 清洁工；把容器和清运者配对记。
1610	英语 canapé 是小点心；法语日常 un canapé 常是沙发。
1611	fauteuil 扶手椅，chaise 普通椅子；长词像两侧多出扶手。
1612	meuble 是家具；immeuble 是楼房，一大一小别混。
1613	E:refrigerator；frigo 是日常更短的叫法
1614	lave 洗＋ linge 衣物：洗衣机。
1615	lave 洗＋ vaisselle 餐具：洗碗机。
1616	micro 小＋ ondes 波：微波炉。
1617	aspirer 是吸入；aspirateur 吸走灰尘。
1618	fer 铁＋ repasser 熨平：熨衣服的铁器。
1619	balayer 是扫地；balai 是扫帚。
1620	E:sponge
1621	torchon 抹布，torcher 擦拭的词形联系；不要当成英语 torch 火把。
1622	savon 肥皂，savonner 打肥皂；多一个 n，把物品变成动作。
1623	E:shampoo
1624	dent 是牙；dentifrice 是清洁牙齿的膏。
1625	brosse 刷子＋ dents 牙齿：牙刷。
1626	peigner 是梳头；peigne 是梳子。
1627	E:paper；复数 papiers 还可指证件
1628	联想英语 stylus（书写笔），记 stylo。
1629	英语 crayon 是蜡笔；法语 crayon 通常指铅笔。
1630	两片刀刃，所以常用复数 des ciseaux。
1631	coller 是粘；colle 是用来粘的胶。
1632	想象 Scotch 胶带；这里不是苏格兰威士忌。
1633	aiguille 针，aigu 尖的；共同的 aigu- 让你想到针尖。
1634	ficelle 细绳，corde 粗绳：按粗细一起记。
1635	联想英语 filament（细丝）：fil 是线。
1636	E:cord
1637	clou 钉子，clouer 钉牢；名词后加 -er 变成动作。
1638	visser 是拧螺丝；vis 是螺丝本身。
1639	marteau 锤子，marteler 锤打；抓住共同的 mart-。
1640	prise 抓住电源插头；想象插座的连接动作。
1641	E:cable
1642	E:charger
1643	E:pile；一摞东西，也可指电池
1644	E:ampoule；灯泡、安瓿、水泡都像小鼓包
1645	télé- 远程＋ commande 操控：遥控器。
1646	E:interrupt；切断或接通电流的开关
1647	bougie 蜡烛，想象烛火像字母 i 上的小点，是形状联想。
1648	allumer 是点燃；allumette 是用来点火的火柴。
1649	étui 贴合小物的套盒，boîte 普通盒子；一个量身包裹，一个宽松容纳。
1650	se moucher 是擤鼻涕；mouchoir 是用的手帕或纸巾。
1651	endroit 地方，envers 反面；endroit 还可指物品的正面。
1652	英语 in lieu of 是“代替”；把 lieu 联想成位置。
1653	pays 国家，paysage 风景：国家里能看到风景。
1654	E:route
1655	chemin 小路，cheminement 行进过程；把路延伸成一段旅程。
1656	E:metro
1657	E:tramway
1658	E:taxi
1659	camion 卡车，camionnette 小货车；-ette 提醒较小的版本。
1660	moto 是 motocyclette 的短叫法，联想 motorcycle。
1661	bateau 船，batelier 船工；抓住共同的 bate-。
1662	arrêter 停止 → arrêt 停靠的站点。
1663	sortir 是出去；sortie 是出口。
1664	E:station
1665	E:line
1666	E:ticket
1667	E:centre / center
1668	E:village
1669	像英语 campaign；法语也指乡下，à la campagne。
1670	E:isle
1671	E:garden
1672	plage 海滩，plagiste 海滩服务人员；把场所和在那里工作的人连起来。
1673	E:mountain
1674	E:port
1675	E:garage
1676	super＋marché（市场）：超级市场。
1677	épice 是香料；épicerie 卖香料等食品杂货。
1678	E:butcher；boucher 是屠夫，boucherie 是肉店
1679	poisson 鱼＋店铺词尾 -erie：鱼店。
1680	E:pastry / patisserie
1681	tabac 是烟草；bureau de tabac 是卖烟草的小店。
1682	E:bar
1683	E:cinema
1684	联想英语 Pisces（双鱼座），鱼在水里，你在泳池里。
1685	E:stadium；另有阶段之义
1686	église 教堂，ecclésiastique 教会的；联想英语 ecclesiastical。
1687	E:chateau
1688	E:post；la poste 是邮政，un poste 是岗位
1689	commissaire 是警官；commissariat 是警察局。
1690	E:agency
1691	E:boutique
1692	bâtir 是建造；bâtiment 是建成的建筑。
1693	usine 工厂，usiner 机械加工；词尾加 r，让工厂开工。
1694	E:university
1695	法国 collège 之后是 lycée，再之后才是 université。
1696	不是英语 college 的大学；法国 collège 是初中。
1697	E:crèche（托儿所）
1698	roue 轮子，rouler 滚动；共同的 rou- 连起物体和动作。
1699	联想英语 pneumatic（充气的）：轮胎里充气。
1700	freiner 是刹车；frein 是刹车装置。
1701	E:film
1702	E:music
1703	chanter 是唱；chanson 是唱的歌。
1704	jouer 是玩；jeu 是游戏。
1705	jeu 游戏＋小物件的联想：jouet 是玩具。
1706	E:balloon；也可指用来踢的大球
1707	E:match
1708	E:sport
1709	E:football；法语通常指足球
1710	E:tennis
1711	E:club
1712	E:guitar
1713	E:piano
1714	écran 屏幕、écran 防护屏障；都像挡在面前的一块板。
1715	E:television；télé 是日常缩写
1716	E:radio
1717	英语 camera 范围广；法语 caméra 通常拍视频。
1718	E:video
1719	联想英语 design；dessin 是画出的图。
1720	E:image
1721	appareil 设备＋ photo 照片：拍照片的设备。
1722	E:Internet
1723	E:site
1724	E:application
1725	E:message
1726	联想英语 courier（信使），记邮件。
1727	E:letter；字母和书信两义都有
1728	E:envelope
1729	timbre 贴在信封上；音乐中还可指音色。
1730	E:postcard；法语把 postale 放 carte 后面
1731	E:number
1732	appeler 打电话 → appel 一次呼叫。
1733	E:code
1734	E:link；把页面用一条线连起来
1735	clé 是键或钥匙；clavier 上排满按键。
1736	imprimer 是打印；imprimante 是打印机。
1737	E:battery；法语还可指架子鼓
1738	régler 是调节；réglage 是调好的设置。
1739	E:page
1740	英语 phrase 常指短语；法语 une phrase 常是一整句。
1741	E:course
1742	E:lesson
1743	E:exercise
1744	élève 常是中小学生；大学生用 étudiant。
1745	E:class
1746	E:matter；也可指一门学科
1747	E:note；还可表示考试分数
1748	tableau 是可展示内容的一块平面：画、黑板、表格。
1749	cahier 本子，carnet 小记事本；前者想课堂练习，后者想随身口袋。
1750	E:list
1751	E:air；avoir l'air 是看起来像某种样子
1752	联想英语 celestial（天空的）。
1753	E:solar（太阳的），联想 soleil
1754	pleuvoir 是下雨；pluie 是雨。
1755	étoile 星，étoilé 星状的或有星级的；把天上的星移到酒店招牌。
1756	E:lunar（月亮的）
1757	E:marine（海洋的），联想 mer
1758	E:flower
1759	E:arbor（树）
1760	E:plant
1761	E:herb
1762	bois 是木头或树林；与 boire（喝）的变化形式同形。
1763	Pierre 也常作人名；想象名叫 Pierre 的人捡石头。
1764	sable 沙，sablier 沙漏；后者让沙从一个小口漏下去。
1765	E:source
1766	田地是一片区域；表单 champ 是一块填写区域。
1767	E:terrain
1768	E:space
1769	英语 ombré 是渐变阴影效果；ombre 是影子。
1770	chaud 是热的；chaleur 是热量。
1771	联想英语 luminous（发光的），记 lumière。
1772	E:colour / color
1773	E:animal
1774	chien 狗，chienne 母狗；阴性形式把 n 加倍再加 e。
1775	E:cat；法语写 chat，别按英语聊天来读
1776	联想英语 chevalier（骑士）：骑士骑马。
1777	oiseau 鸟，oisillon 雏鸟；把共同的 ois- 和鸟巢里的小鸟绑定。
1778	vache 奶牛，vacher 牧牛人；名词后多一个 r，联想到照看它的人。
1779	cochon 猪，cochonnerie 脏东西；从猪滚泥巴的夸张画面作联想。
1780	poule 母鸡，poulet 鸡肉：一起记。
1781	E:cock（公鸡）
1782	canard 鸭，caneton 小鸭；共同的 can- 是母鸭带小鸭的队伍。
1783	lapin 兔，lapereau 幼兔；共同的 lap- 连起大小两只兔子。
1784	E:mutton（羊肉）；法语 mouton 是绵羊
1785	奶酪包装 chèvre 提示山羊奶酪。
1786	电脑鼠标像小老鼠，法语也用同一个词 souris。
1787	E:rat
1788	mouche 苍蝇，moucheron 小飞虫；后者是更小的飞虫。
1789	abeille 蜜蜂，essaim 蜂群；一只和一团嗡嗡飞的画面对照。
1790	E:mosquito
1791	联想英语 formic acid（蚁酸），记 fourmi 蚂蚁。
1792	E:insect
1793	E:serpent
1794	联想英语 ursine（熊的），记 ours。
1795	loup 狼，louve 母狼；把 ou 的声音配上狼嚎作联想。
1796	联想英语 simian（猴的），记 singe。
1797	领结叫 nœud papillon：形状像蝴蝶。
1798	patte 是动物爪或腿，pâte 是面团，注意 t 和重音。
1799	飞机的机翼像鸟的翅膀，都叫 aile。
1800	E:queue；排队像一条长尾巴
1801	bon 好的，bien 做得好；bonjour 里也有 bon。
1802	bon / mauvais：好 / 坏，先成对记。
1803	E:beautiful；法语 beau 的阴性是 belle
1804	joli 漂亮，joliment 漂亮地；和 beau 意义接近，不是英语 jolly 的准确翻译。
1805	jeune 年轻，jaune 黄色：只差元音，别混。
1806	联想英语 solo（独奏）：一个人独自。
1807	prêt 准备好，prête 阴性；和 prêter 借出外形像，但不是一回事。
1808	vrai 真，faux 假：像判断题的两项。
1809	英语 faux leather 是人造皮革：faux 是假的。
1810	E:sure；sûr 有重音，sur 无重音是上面
1811	E:possible
1812	E:important
1813	英语 dear 也能指亲爱的或昂贵的，和 cher 一起记。
1814	E:gratis；gratuit 是免费的
1815	E:liberty；自由，也可指人有空、座位空着
1816	E:occupied
1817	联想英语 plenty（丰富），记 plein 是满的。
1818	vider 清空 → vide 空的。
1819	propre 放名词后常是干净的，放前可指自己的。
1820	不是英语 sale（促销）；法语 sale 是脏的。
1821	ouvrir 打开 → ouvert 开着的。
1822	fermer 关闭 → fermé 关着的。
1823	E:content（满意的）；不要按“内容”的名词义记
1824	triste 难过 → tristesse 悲伤；共同的 trist- 配垂下的嘴角。
1825	E:desolate（凄凉的）；Je suis désolé 常是我很抱歉
1826	E:gentle；gentil 侧重友善、乖巧
1827	gentil 友善，méchant 凶恶：想象两种表情。
1828	sympa 是 sympathique 的短形式；不是同情某人。
1829	E:droll（滑稽的）
1830	E:amusing
1831	E:interesting
1832	ennui 是无聊；ennuyeux 让人无聊。
1833	E:calm
1834	E:nervous
1835	maladie 是疾病；malade 是生病的。
1836	vivre 活着 → vivant 活的。
1837	mourir 死亡 → mort 死的；手机“死了”也可这样说。
1838	E:rich
1839	E:poor
1840	联想音乐 forte（强奏），记 fort 强、响。
1841	E:feeble（虚弱的）
1842	doux 柔和 → douce 阴性 → douceur 柔和感；把 x/c 的变化一起记。
1843	dur 硬 → dureté 硬度；有形的硬也可延伸为事情艰难。
1844	联想葡萄酒 sec（干型）；基本意思是干。
1845	mouiller 是弄湿；mouillé 是湿了的。
1846	E:fresh
1847	tiède 温的，tiédeur 温热；在 froid 冷与 chaud 热之间放一个中点。
1848	E:first / premier；英语 premier 也有首位之义
1849	le mois dernier 上个月；le dernier 最后一个。
1850	la semaine prochaine 是下周，和 dernière 上周对照。
1851	E:long
1852	court 短，cours 课程：注意结尾字母。
1853	英语 large 常是大；法语 large 重点是宽。
1854	large 宽，étroit 窄：想象并排两条通道。
1855	haute couture 的 haute 是 haut 的阴性：高。
1856	联想英语 bass（低音），记 bas 低。
1857	épais 厚 → épaisseur 厚度；把共同的 épaiss- 和书脊宽度绑定。
1858	E:fine；细薄的，与 épais 厚的对照
1859	E:round
1860	carré / rond：方 / 圆；想象方形棋盘和圆形棋子。
1861	plate 是 plat 的阴性；想象平平的盘面。
1862	英语 right 也指右；droit 还可以是直的。
1863	gauche 左、droit 右；英语 gauche 还可指笨拙，但法语这里先记方向。
1864	联想英语 blank（空白），记 blanc 白。
1865	英语 film noir 是黑色电影；noir 就是黑。
1866	英语 rouge 是胭脂；涂出红色。
1867	E:blue
1868	E:verdant（翠绿的），联想 vert
1869	jaune 黄，jeune 年轻；想象黄色香蕉来固定元音。
1870	E:rose；玫瑰让人联想粉红色
1871	E:grey / gray
1872	marron 是栗子；栗子壳的颜色就是棕色。
1873	E:violet
1874	E:blond
1875	E:brunette；brun 指棕发或深棕色
1876	联想红褐色头发；roux 的阴性是 rousse。
1877	E:clear；颜色浅也用 clair
1878	clair 浅，foncé 深：想象同一种颜色的深浅色卡。
1879	E:colored / colourful
1880	E:silent
1881	bruit 是噪声；bruyant 是吵闹的。
1882	lisse 光滑 → lisser 抹平；名词外形般的形容词加 r 变动作。
1883	sel 是盐；salé 是有盐、咸的。
1884	sucre 是糖；sucré 是加糖、甜的。
1885	mer 是海，amer 是苦；别把两者意思混在一起。
1886	E:acid
1887	E:piquant；像舌头被轻刺的辛辣感
1888	mur 无重音是墙；mûr 有重音是成熟。
1889	cru / cuit：生 / 熟，放在两只食物盘旁记。
1890	cuire 做熟 → cuit 熟的。
1891	E:delicious
1892	E:comfortable
1893	E:practical
1894	proche 近的，approcher 靠近；一个位置，一个缩短距离的动作。
1895	loin 是远；lointain 是遥远的。
1896	E:international
1897	E:stranger / strange；étranger 还可指外国的
1898	France 法国 → français 法语或法国的。
1899	E:English；Angleterre 指英格兰
1900	Chine 中国 → chinois 中文或中国的。
1901	E:genre
1902	E:order；顺序和命令都适用
1903	E:rest（剩余）；别只记成休息
1904	E:tour；转一圈，也轮到某人一回
1905	E:verity（真实）；vrai 真的 → vérité 真相
1906	E:part；也可指一局游戏
1907	E:pleasure
1908	E:aid
1909	E:fault
1910	E:bureau；法语既是办公室也可是书桌
1911	rêver 做梦 → rêve 一个梦。
1912	英语 esprit de corps 是团队精神；esprit 是精神。
1913	E:plan
1914	E:peace
1915	英语 rapport 常指融洽关系；法语还常指报告。
1916	E:return
1917	联想英语 voice；voix 声音与 voie 道路同音。
1918	bout 末端或小块，debout 站着；想象一小段竖立起来作词形联想。
1919	E:subject
1920	E:sense；法语还可表示行进方向
1921	salle 厅，salon 客厅；都用 sal- 开头，但 salle 常按用途命名。
1922	E:sort（种类）
1923	联想英语 foundation 的底部意象；fond 是底、背景。
1924	E:situation
1925	E:accident
1926	E:silence
1927	E:group
1928	E:secret
1929	parler 是说；parole 是说出来的话，也可指歌词。
1930	不是英语 coin（硬币）；法语 coin 是角落。
1931	E:form
1932	bruyant 是吵闹的；bruit 是发出的噪声。
1933	E:impression；也能指打印出来的内容
1934	E:view
1935	moyen 可是中等的，也可是手段；联想连接起点与目标的中间办法。
1936	E:sign
1937	E:danger
1938	E:border
1939	bon（好）＋ heur 的好运联想：幸福。
1940	射门对准 but（球门），做事对准 but（目标）。
1941	E:system
1942	E:ennui（无聊）；法语也可指麻烦
1943	E:sentiment
1944	moitié 一半，demi 半个；把一个圆切成两份，对照名词和数量修饰。
1945	baignoire 是浴缸；bain 是里面泡的澡。
1946	E:art
1947	blague 笑话，blaguer 开玩笑；加 r 就开始讲笑话。
1948	à venir 是即将到来；avenir 是未来。
1949	courir 是跑；course 是赛跑，courses 还常指购物。
1950	E:manner
1951	secours 援救，secourir 救助；把共同的 secour- 和伸出的援手绑定。
1952	E:role
1953	E:action
1954	英语 tort 是侵权行为；法语 avoir tort 是不对。
1955	E:machine
1956	E:cigarette
1957	morceau 一块，morceler 分成小块；共同的 morc- 联想切块动作。
1958	E:demand；法语也可只是一般请求或申请
1959	espérer 是希望；espoir 是心里的希望。
1960	E:information
1961	E:toilet；问洗手间常用复数 les toilettes
1962	E:operation
1963	E:position
1964	E:excuse
1965	E:regard；法语名词指目光、一瞥
1966	mentir 是说谎；mensonge 是一句谎言。
1967	E:memory
1968	goûter 是品尝；goût 是尝到的味道。
1969	E:importance
1970	niveau 水平，niveler 整平；把起伏高低拉到同一水平面。
1971	souci 担忧，soucieux 忧虑的；后者像脸上写满 souci。
1972	E:odour / odor
1973	E:program / programme
1974	E:object
1975	E:value
1976	peser 是称重；poids 是称出来的重量。
1977	E:number
1978	E:quality
1979	E:product
1980	E:pause
1981	英语 chef 多指厨师；法语还可指任何负责人。
1982	英语 patron 多是顾客或赞助者；法语 patron 常是老板。
1983	律师与牛油果都叫 avocat；想象律师拿着牛油果作联想。
1984	E:professor；法语也指普通教师
1985	étudier 是学习；étudiant 是大学生。
1986	E:server；餐厅服务员、计算机服务器都能联想
1987	E:vendor
1988	E:chauffeur
1989	E:director
1990	E:proprietor
1991	E:journalist
1992	E:actor
1993	E:artist
1994	E:guide
1995	police 是警察部门；policier 是其中一名警察。
1996	pompe 是水泵；消防员用水泵灭火。
1997	E:dentist
1998	联想英语 coiffure（发型），coiffeur 是理发的人。
1999	E:secretary
2000	E:artisan
2001	E:prepare
2002	联想英语 lavatory（洗手间），记 laver 洗。
2003	E:save；法语存文件常用 enregistrer
2004	E:beat；打人、打败、打蛋都能联想
2005	main（手）＋ tenir（握住）：用手保持住。
2006	E:defend；défendre de 还可表示禁止
2007	E:liberate
2008	débarrasser 清走障碍；联想英语 embarrassment，别让杂物造成窘迫。
2009	se moquer 嘲笑，moqueur 爱嘲弄的人；抓住 moqu-。
2010	dormir 是睡；s'endormir 是进入睡眠。
2011	E:concentrate
2012	E:place
2013	accord 是一致；调音也是让音高协调一致。
2014	E:elevate；抬高，也把孩子养大
2015	E:train；s'entraîner 是自己训练
2016	piquer 刺，piquant 辛辣；像辣味在舌尖轻轻扎一下。
2017	gâcher 糟蹋，gâchis 浪费的结果；共同的 gâch- 配被毁掉的成果。
2018	E:concern
2019	E:represent
2020	rigoler 笑，rigolo 好笑的；同一组 rigol-，动词与形容词相连。
2021	E:obey
2022	E:possess
2023	venir 是来；联想两边走到一起达成合意。
2024	E:block
2025	attraper 抓住；rattraper 是追上去再次抓住。
2026	E:plant
2027	E:inform
2028	fête 是节日；fêter 是庆祝。
2029	E:indicate
2030	E:examine
2031	E:paint
2032	avaler 吞下，avalanche 雪崩；只是画面联想，像东西一下滑了下去。
2033	démarrer 启动，démarrage 启动过程；和 arrêter 停止成对记。
2034	E:confirm
2035	ré- 反应＋ agir 行动：作出反应。
2036	ménage 是家庭生活；déménager 是迁移住处。
2037	enseignant 是教师；enseigner 是教课。
2038	E:note
2039	verser 倒，renverser 打翻；多了 ren-，杯子从主动倒水变成翻倒。
2040	E:authorize
2041	E:contain
2042	E:hesitate
2043	E:express
2044	dessin 是画；dessiner 是画画。
2045	cuisson 是烹煮过程；cuire 是把食物做熟。
2046	联想英语 boil；bouilloire 是烧水壶。
2047	E:mélange（混合物）；mélanger 是混合
2048	éplucher 削皮，épluchure 削下的皮；动作与剩下的薄皮一起记。
2049	E:reimburse
2050	E:validate；上车 valider le ticket 是验票生效
2051	把 Est-ce que 放陈述句前，就像加上一个问号开关。
2052	ouais 是随意版 oui，像英语 yeah。
2053	debout 站着，assis 坐着，couché 躺着：把身体摆成三种姿势。
2054	E:absolutely
2055	E:simply
2056	E:immediately
2057	E:finally
2058	parfait 完美＋ -ment：完美地。
2059	E:apparently
2060	autre 是别的；autrement 是换一种方式。
2061	E:seriously
2062	E:frankly
2063	égal 是相等的；également 是同样地、也。
2064	évident 是显然的；évidemment 是显然地。
2065	facile 容易＋ -ment：容易地。
2066	E:directly
2067	E:rapidly
2068	force 是力；联想结果被条件推着走，必然如此。
2069	E:brief；一句话说简短：总之
2070	unique 唯一＋ -ment：仅仅。
2071	E:sudden
2072	E:normally
2073	volonté 是意愿；volontiers 是乐意地。
2074	E:clearly
2075	suffisant 是足够的；suffisamment 是足够地。
2076	E:particularly
2077	E:enormously
2078	après（之后）＋ demain（明天）：后天。
2079	不是 actually（实际上）；actuellement 是 currently（目前）。
2080	E:correctly
2081	E:attentively
2082	avant（之前）＋ hier（昨天）：前天。
2083	E:regularly
2084	E:euro
2085	cent 是一百；一欧元分成一百 centimes。
2086	E:kilo；kilogramme 的口语简称
2087	E:gram
2088	E:metre / meter
2089	E:kilometre / kilometer
2090	E:litre / liter
2091	联想英语 demi-（半），如 demigod 半神。
2092	E:quarter；一小时的四分之一是十五分钟
2093	E:addition；把菜价相加得到餐馆账单
2094	taille 常问衣服尺码，pointure 专门问鞋码。
2095	E:form；formulaire 是待填写的表格
2096	E:signature
2097	justifier 是说明理由；justificatif 是证明材料。
2098	pour（为了）＋ boire（喝）：给人买杯喝的，联想小费。
2099	英语 etiquette 是礼仪；法语 étiquette 也常指物品标签。
2100	courriel 可联想 courrier（邮件）＋ électronique（电子的）。
